<?xml version="1.0"?>
<config>
	<menu>
		<df_banner module="df_banner">
			<title>Реклама</title>
			<sort_order>71</sort_order>
			<depends>
				<config>df_promotion/banners/enabled</config>
			</depends>
			<children>
				<banners module="df_banner">
					<title>Рекламные щиты</title>
					<sort_order>0</sort_order>
					<action>df_banner/adminhtml_banner</action>
				</banners>
			</children>
			<children>
				<banneritems module="df_banner">
					<title>Рекламные объявления</title>
					<sort_order>10</sort_order>
					<action>df_banner/adminhtml_banneritem</action>
				</banneritems>
			</children>
		</df_banner>
	</menu>
	<acl>
		<resources>

			<admin>
				<children>
					<df_banner module="df_banner">
						<title>Реклама</title>
						<sort_order>71</sort_order>
						<children>
							<banners module="df_banner">
								<title>Рекламные щиты</title>
								<sort_order>0</sort_order>
							</banners>
						</children>
						<children>
							<banneritems module="df_banner">
								<title>Рекламные объявления</title>
								<sort_order>10</sort_order>
							</banneritems>
						</children>
					</df_banner>
				</children>
			</admin>
		</resources>
	</acl>
</config>