<?xml version='1.0'?>
<config>
   <sections>
		<df_payment>
			<groups>
				<chronopay_standard translate='label'>
					<label>ChronoPay Standard</label>
					<comment>
					   <![CDATA[
							<a
								target='_blank'
								href='http://chronopay.ru/ru/our_services/how_to_connect.php'
								title='порядок регистрации магазина'
							>как подключить магазин к ChronoPay?</a>
					   ]]>
				   </comment>
					<frontend_type>text</frontend_type>
					<sort_order>3000</sort_order>
					<show_in_default>1</show_in_default>
					<show_in_website>1</show_in_website>
					<show_in_store>1</show_in_store>
					<fields>
						<active translate='label'>
							<label>Enabled</label>
							<frontend_type>select</frontend_type>
							<source_model>adminhtml/system_config_source_yesno</source_model>
							<sort_order>1</sort_order>
							<show_in_default>1</show_in_default>
							<show_in_website>1</show_in_website>
							<show_in_store>1</show_in_store>
							<frontend_model>df_admin/system_config_form_field</frontend_model>
							<df_feature>df-chronopay</df_feature>
						</active>
						<title translate='label'>
							<label>Title</label>
							<frontend_type>text</frontend_type>
							<sort_order>2</sort_order>
							<show_in_default>1</show_in_default>
							<show_in_website>1</show_in_website>
							<show_in_store>1</show_in_store>
							<depends><active>1</active></depends>
							<frontend_model>df_admin/system_config_form_field</frontend_model>
						</title>
						<site_id translate='label'>
							<label>Site ID</label>
							<frontend_type>text</frontend_type>
							<sort_order>3</sort_order>
							<show_in_default>1</show_in_default>
							<show_in_website>1</show_in_website>
							<show_in_store>1</show_in_store>
							<depends><active>1</active></depends>
							<frontend_model>df_admin/system_config_form_field</frontend_model>
						</site_id>
						<product_id translate='label'>
							<label>Product ID</label>
							<frontend_type>text</frontend_type>
							<sort_order>4</sort_order>
							<show_in_default>1</show_in_default>
							<show_in_website>1</show_in_website>
							<show_in_store>1</show_in_store>
							<depends><active>1</active></depends>
							<frontend_model>df_admin/system_config_form_field</frontend_model>
						</product_id>
						<shared_sec translate='label'>
							<label>Shared Secret</label>
							<frontend_type>obscure</frontend_type>
							<backend_model>adminhtml/system_config_backend_encrypted</backend_model>
							<sort_order>4</sort_order>
							<show_in_default>1</show_in_default>
							<show_in_website>1</show_in_website>
							<show_in_store>1</show_in_store>
							<depends><active>1</active></depends>
							<frontend_model>df_admin/system_config_form_field</frontend_model>
						</shared_sec>
						<description translate='label comment'>
							<label>Transaction Description</label>
							<comment>Order number will be used if left empty</comment>
							<frontend_type>text</frontend_type>
							<sort_order>5</sort_order>
							<show_in_default>1</show_in_default>
							<show_in_website>1</show_in_website>
							<show_in_store>1</show_in_store>
							<depends><active>1</active></depends>
							<frontend_model>df_admin/system_config_form_field</frontend_model>
						</description>
						<currency translate='label'>
							<label>Accepted currency</label>
							<frontend_type>select</frontend_type>
							<source_model>adminhtml/system_config_source_currency</source_model>
							<sort_order>6</sort_order>
							<show_in_default>1</show_in_default>
							<show_in_website>1</show_in_website>
							<show_in_store>1</show_in_store>
							<depends><active>1</active></depends>
							<frontend_model>df_admin/system_config_form_field</frontend_model>
						</currency>
						<language translate='label'>
							<label>Customer Interface language</label>
							<frontend_type>select</frontend_type>
							<source_model>df_chronopay/source_language</source_model>
							<sort_order>7</sort_order>
							<show_in_default>1</show_in_default>
							<show_in_website>1</show_in_website>
							<show_in_store>1</show_in_store>
							<depends><active>1</active></depends>
							<frontend_model>df_admin/system_config_form_field</frontend_model>
						</language>
						<debug_flag translate='label'>
							<label>Debug</label>
							<frontend_type>select</frontend_type>
							<source_model>adminhtml/system_config_source_yesno</source_model>
							<sort_order>8</sort_order>
							<show_in_default>1</show_in_default>
							<show_in_website>1</show_in_website>
							<show_in_store>1</show_in_store>
							<depends><active>1</active></depends>
							<frontend_model>df_admin/system_config_form_field</frontend_model>
						</debug_flag>
						<order_status translate='label'>
							<label>Status of New Order</label>
							<frontend_type>select</frontend_type>
							<source_model>adminhtml/system_config_source_order_status_new</source_model>
							<sort_order>9</sort_order>
							<show_in_default>1</show_in_default>
							<show_in_website>1</show_in_website>
							<show_in_store>1</show_in_store>
							<depends><active>1</active></depends>
							<frontend_model>df_admin/system_config_form_field</frontend_model>
						</order_status>
						<allowspecific translate='label'>
							<label>Payment from applicable countries</label>
							<frontend_type>allowspecific</frontend_type>
							<sort_order>10</sort_order>
							<source_model>adminhtml/system_config_source_payment_allspecificcountries</source_model>
							<show_in_default>1</show_in_default>
							<show_in_website>1</show_in_website>
							<show_in_store>1</show_in_store>
							<depends><active>1</active></depends>
							<frontend_model>df_admin/system_config_form_field</frontend_model>
						</allowspecific>
						<specificcountry translate='label'>
							<label>Payment from Specific countries</label>
							<frontend_type>multiselect</frontend_type>
							<sort_order>11</sort_order>
							<source_model>adminhtml/system_config_source_country</source_model>
							<show_in_default>1</show_in_default>
							<show_in_website>1</show_in_website>
							<show_in_store>1</show_in_store>
							<depends><active>1</active></depends>
							<frontend_model>df_admin/system_config_form_field</frontend_model>
						</specificcountry>

						<frontend__sort_order translate='label'>
							<label>Вес для упорядочивания</label>
							<comment>
								<![CDATA[
									Когда системе требуется перечислить платёжные способы на экране,
									она упорядочивает их в соответствии с их весами.
									<br/>Способы с меньшим весом отображаются выше способов с большим весом.
									<br/>Веса задаются натуральными числами.
								]]>
							</comment>
							<frontend_type>text</frontend_type>
							<sort_order>12</sort_order>
							<show_in_default>1</show_in_default>
							<show_in_website>1</show_in_website>
							<show_in_store>1</show_in_store>
							<frontend_model>df_admin/system_config_form_field</frontend_model>
							<depends>
								<active>1</active>
							</depends>
							<validate>
								validate-digits
							</validate>
						</frontend__sort_order>
					</fields>
				</chronopay_standard>

				<chronopay_gate translate='label'>
					<label>ChronoPay Gateway</label>
					<comment>
					   <![CDATA[
							<a
								target='_blank'
								href='http://chronopay.ru/ru/our_services/how_to_connect.php'
								title='порядок регистрации магазина'
							>как подключить магазин к ChronoPay?</a>
					   ]]>
				   </comment>
					<frontend_type>text</frontend_type>
					<sort_order>2000</sort_order>
					<show_in_default>1</show_in_default>
					<show_in_website>1</show_in_website>
					<show_in_store>1</show_in_store>
					<fields>

						<active translate='label'>
							<label>Enabled</label>
							<frontend_type>select</frontend_type>
							<source_model>adminhtml/system_config_source_yesno</source_model>
							<sort_order>1</sort_order>
							<show_in_default>1</show_in_default>
							<show_in_website>1</show_in_website>
							<show_in_store>1</show_in_store>
							<frontend_model>df_admin/system_config_form_field</frontend_model>
							<df_feature>df-chronopay</df_feature>
						</active>


						<title translate='label'>
							<label>Title</label>
							<frontend_type>text</frontend_type>
							<sort_order>2</sort_order>
							<show_in_default>1</show_in_default>
							<show_in_website>1</show_in_website>
							<show_in_store>1</show_in_store>
							<depends><active>1</active></depends>
							<frontend_model>df_admin/system_config_form_field</frontend_model>
						</title>


						<product_id translate='label'>
							<label>Product ID</label>
							<frontend_type>text</frontend_type>
							<sort_order>4</sort_order>
							<show_in_default>1</show_in_default>
							<show_in_website>1</show_in_website>
							<show_in_store>1</show_in_store>
							<depends><active>1</active></depends>
							<frontend_model>df_admin/system_config_form_field</frontend_model>
						</product_id>


						<shared_sec translate='label'>
							<label>Shared Secret</label>
							<frontend_type>obscure</frontend_type>
							<backend_model>adminhtml/system_config_backend_encrypted</backend_model>
							<sort_order>5</sort_order>
							<show_in_default>1</show_in_default>
							<show_in_website>1</show_in_website>
							<show_in_store>1</show_in_store>
							<depends><active>1</active></depends>
							<frontend_model>df_admin/system_config_form_field</frontend_model>
						</shared_sec>


						<description translate='label comment'>
							<label>Transaction Description</label>
							<comment>Order number will be used if left empty</comment>
							<frontend_type>text</frontend_type>
							<sort_order>5</sort_order>
							<show_in_default>1</show_in_default>
							<show_in_website>1</show_in_website>
							<show_in_store>1</show_in_store>
							<depends><active>1</active></depends>
							<frontend_model>df_admin/system_config_form_field</frontend_model>
						</description>


						<transaction_currency translate='label'>
							<label>Transaction currency</label>
							<frontend_type>select</frontend_type>
							<source_model>adminhtml/system_config_source_currency</source_model>
							<sort_order>6</sort_order>
							<show_in_default>1</show_in_default>
							<show_in_website>1</show_in_website>
							<show_in_store>1</show_in_store>
							<depends><active>1</active></depends>
							<frontend_model>df_admin/system_config_form_field</frontend_model>
						</transaction_currency>


						<skip_client_callback translate='label'>
							<label>Skip Client Callback</label>
							<comment>
								<![CDATA[
									If enabled, ChronoPay will not notify you about transactions.
								]]>
							</comment>
							<frontend_type>select</frontend_type>
							<source_model>adminhtml/system_config_source_yesno</source_model>
							<sort_order>7</sort_order>
							<show_in_default>1</show_in_default>
							<show_in_website>1</show_in_website>
							<show_in_store>1</show_in_store>
							<depends><active>1</active></depends>
							<frontend_model>df_admin/system_config_form_field</frontend_model>
						</skip_client_callback>


						<skip_customer_email translate='label'>
							<label>Skip Customer Email</label>
							<comment>
								<![CDATA[
									If enabled, ChronoPay will not notify buyers about transactions.
									<br/>You must have permission from ChronoPay to enable this and you must notyfy buyers about their transactions by some other method.
								]]>
							</comment>
							<frontend_type>select</frontend_type>
							<source_model>adminhtml/system_config_source_yesno</source_model>
							<sort_order>8</sort_order>
							<show_in_default>1</show_in_default>
							<show_in_website>1</show_in_website>
							<show_in_store>1</show_in_store>
							<depends><active>1</active></depends>
							<frontend_model>df_admin/system_config_form_field</frontend_model>
						</skip_customer_email>


						<skip_rebill translate='label'>
							<label>Skip Rebill</label>
							<comment>
								<![CDATA[
									If yes, recurring payments are disabled.
								]]>
							</comment>
							<frontend_type>select</frontend_type>
							<source_model>adminhtml/system_config_source_yesno</source_model>
							<sort_order>9</sort_order>
							<show_in_default>1</show_in_default>
							<show_in_website>1</show_in_website>
							<show_in_store>1</show_in_store>
							<depends><active>1</active></depends>
							<frontend_model>df_admin/system_config_form_field</frontend_model>
						</skip_rebill>


						<order_status translate='label'>
							<label>New order status</label>
							<frontend_type>select</frontend_type>
							<source_model>adminhtml/system_config_source_order_status_new</source_model>
							<sort_order>10</sort_order>
							<show_in_default>1</show_in_default>
							<show_in_website>1</show_in_website>
							<show_in_store>1</show_in_store>
							<depends><active>1</active></depends>
							<frontend_model>df_admin/system_config_form_field</frontend_model>
						</order_status>


						<allowspecific translate='label'>
							<label>Payment from applicable countries</label>
							<frontend_type>allowspecific</frontend_type>
							<sort_order>11</sort_order>
							<source_model>adminhtml/system_config_source_payment_allspecificcountries</source_model>
							<show_in_default>1</show_in_default>
							<show_in_website>1</show_in_website>
							<show_in_store>1</show_in_store>
							<depends><active>1</active></depends>
							<frontend_model>df_admin/system_config_form_field</frontend_model>
						</allowspecific>


						<specificcountry translate='label'>
							<label>Payment from Specific countries</label>
							<frontend_type>multiselect</frontend_type>
							<sort_order>12</sort_order>
							<source_model>adminhtml/system_config_source_country</source_model>
							<show_in_default>1</show_in_default>
							<show_in_website>1</show_in_website>
							<show_in_store>1</show_in_store>
							<depends><active>1</active></depends>
							<frontend_model>df_admin/system_config_form_field</frontend_model>
						</specificcountry>


						<frontend__sort_order translate='label'>
							<label>Вес для упорядочивания</label>
							<comment>
								<![CDATA[
									Когда системе требуется перечислить платёжные способы на экране,
									она упорядочивает их в соответствии с их весами.
									<br/>Способы с меньшим весом отображаются выше способов с большим весом.
									<br/>Веса задаются натуральными числами.
								]]>
							</comment>
							<frontend_type>text</frontend_type>
							<sort_order>13</sort_order>
							<show_in_default>1</show_in_default>
							<show_in_website>1</show_in_website>
							<show_in_store>1</show_in_store>
							<frontend_model>df_admin/system_config_form_field</frontend_model>
							<depends>
								<active>1</active>
							</depends>
							<validate>
								validate-digits
							</validate>
						</frontend__sort_order>

						<cctypes translate='label'>
							<label>Credit Card Types</label>
							<frontend_type>multiselect</frontend_type>
							<source_model>adminhtml/system_config_source_payment_cctype</source_model>
							<sort_order>14</sort_order>
							<show_in_default>1</show_in_default>
							<show_in_website>1</show_in_website>
							<show_in_store>1</show_in_store>
							<can_be_empty>1</can_be_empty>
							<depends><active>1</active></depends>
							<frontend_model>df_admin/system_config_form_field</frontend_model>
						</cctypes>
					</fields>
				</chronopay_gate>
			</groups>
		</df_payment>
	</sections>
</config>