<?xml version='1.0'?>
<widgets>
	<cms_hierarchy_node type='df_cms/widget_node' translate='name description' module='df_cms'>
		<name>CMS Hierarchy Node Link</name>
		<description>Link to Specified CMS Hierarchy Node</description>
		<is_email_compatible>1</is_email_compatible>
		<parameters>
			<node_id translate='label'>
				<label>Node</label>
				<visible>1</visible>
				<required>1</required>
				<type>label</type>
				<helper_block>
					<type>df_cms/adminhtml_cms_hierarchy_widget_chooser</type>
					<data>
						<button translate='open'>
							<open>Select Page or Node...</open>
						</button>
					</data>
				</helper_block>
				<sort_order>10</sort_order>
			</node_id>
			<anchor_text translate='label description'>
				<visible>1</visible>
				<label>Anchor Custom Text</label>
				<description>If empty, will use the Node or Page Name</description>
				<type>text</type>
			</anchor_text>
			<title translate='label'>
				<visible>1</visible>
				<label>Anchor Custom Title</label>
				<type>text</type>
			</title>
			<template translate='label'>
				<label>Template</label>
				<visible>1</visible>
				<type>select</type>
				<value>df/cms/hierarchy/widget/link/link_block.phtml</value>
				<values>
					<default translate='label'>
						<value>df/cms/hierarchy/widget/link/link_block.phtml</value>
						<label>CMS Page Link Block Template</label>
					</default>
					<link_inline translate='label'>
						<value>df/cms/hierarchy/widget/link/link_inline.phtml</value>
						<label>CMS Page Link Inline Template</label>
					</link_inline>
				</values>
			</template>
		</parameters>
	</cms_hierarchy_node>
</widgets>
