<?xml version='1.0'?>
<config>
	<sections>
		<df_shipping>
			<groups>
				<autotrading translate='label'>
					<label>Автотрейдинг</label>
					<frontend_type>text</frontend_type>
					<sort_order>4000</sort_order>
					<show_in_default>1</show_in_default>
					<show_in_website>1</show_in_website>
					<show_in_store>1</show_in_store>
					<comment>
						<![CDATA[
							Для правильной работы модуля требуется указать единицу веса товаров в графе
							<br/>«Система» → «Настройки» → «Российская сборка» → «Доставка»
							 → «Общие настройки» → «Единица веса товаров».
							<br/>
							Стоимость доставки службой Автотрейдинг зависит от габаритов груза,<br/>поэтому для правильного расчёта стоимости доставки
							Вам надо вести учёт габаритов каждого товара
							<br/>(смотрите настройки раздела «Система» → «Настройки» → «Российская сборка» → «Доставка»
							 → «Общие настройки»).
						]]>
					</comment>
					<fields>
						<active translate='label'>
							<label>Включить?</label>
							<frontend_type>select</frontend_type>
							<source_model>adminhtml/system_config_source_yesno</source_model>
							<sort_order>1000</sort_order>
							<show_in_default>1</show_in_default>
							<show_in_website>1</show_in_website>
							<show_in_store>1</show_in_store>
							<frontend_model>df_admin/system_config_form_field</frontend_model>
							<df_feature>df-autotrading</df_feature>
							<config_path>carriers/df-autotrading/active</config_path>
						</active>
						<title translate='label'>
							<label>Название для этого способа оплаты</label>
							<comment>
								<![CDATA[
									Покупатель видит этот заголовок на этапе оформления заказа,а также в Личном кабинете.
								]]>
							</comment>
							<frontend_type>text</frontend_type>
							<sort_order>2000</sort_order>
							<show_in_default>1</show_in_default>
							<show_in_website>1</show_in_website>
							<show_in_store>1</show_in_store>
							<config_path>carriers/df-autotrading/title</config_path>
							<depends>
								<active>1</active>
							</depends>
							<validate>
								required-entry
							</validate>
						</title>
						<admin__fee_percent translate='label'>
							<label>Относительная наценка</label>
							<frontend_type>text</frontend_type>
							<sort_order>3000</sort_order>
							<show_in_default>1</show_in_default>
							<show_in_website>1</show_in_website>
							<show_in_store>1</show_in_store>
							<comment>
								<![CDATA[
									в процентах
								]]>
							</comment>
							<validate>
								validate-digits
								validate-zero-or-greater
								validate-percents
							</validate>
							<depends>
								<active>1</active>
							</depends>
						</admin__fee_percent>
						<admin__fee_fixed translate='label'>
							<label>Абсолютная наценка</label>
							<frontend_type>text</frontend_type>
							<sort_order>4000</sort_order>
							<show_in_default>1</show_in_default>
							<show_in_website>1</show_in_website>
							<show_in_store>1</show_in_store>
							<comment>
								<![CDATA[
									в учётной валюте магазина
								]]>
							</comment>
							<validate>
								validate-digits
								validate-zero-or-greater
							</validate>
							<depends>
								<active>1</active>
							</depends>
						</admin__fee_fixed>
						<service__check_cargo_on_receipt translate='label'>
							<label>Должна ли служба доставки вскрывать и сверять груз при покупателе?</label>
							<comment>
								<![CDATA[
									Укажите значение «<b>да</b>», если Вы хотите, чтобы
									представитель службы доставки при покупателе вскрывал, пересчитывал
									и сверял груз с сопроводительными документами?
									<br/>
									Стоимость услуги на июнь 2012 года составляет 0,5% от объявленной стоимости груза,но не менее 500 рублей.
								]]>
							</comment>
							<frontend_type>select</frontend_type>
							<source_model>adminhtml/system_config_source_yesno</source_model>
							<sort_order>5000</sort_order>
							<show_in_default>1</show_in_default>
							<show_in_website>1</show_in_website>
							<show_in_store>1</show_in_store>
							<depends>
								<active>1</active>
							</depends>
						</service__check_cargo_on_receipt>
						<service__need_insurance translate='label'>
							<label>Страховать груз?</label>
							<comment>
								<![CDATA[
									Стоимость страховки на июнь 2012 года составляет 0,2% от объявленной стоимости груза,но не менее 500 рублей.
								]]>
							</comment>
							<frontend_type>select</frontend_type>
							<source_model>adminhtml/system_config_source_yesno</source_model>
							<sort_order>5500</sort_order>
							<show_in_default>1</show_in_default>
							<show_in_website>1</show_in_website>
							<show_in_store>1</show_in_store>
							<depends>
								<active>1</active>
							</depends>
						</service__need_insurance>
						<admin__declared_value_percent translate='label'>
							<label>Объявленная стоимость груза</label>
							<frontend_type>text</frontend_type>
							<sort_order>6000</sort_order>
							<show_in_default>1</show_in_default>
							<show_in_website>1</show_in_website>
							<show_in_store>1</show_in_store>
							<comment>
								<![CDATA[
									в процентах относительно стоимости заказа
								]]>
							</comment>
							<validate>
								validate-digits
								validate-zero-or-greater
							</validate>
							<depends>
								<active>1</active>
							</depends>
						</admin__declared_value_percent>
						<service__need_get_cargo_from_the_shop_store translate='label'>
							<label>Должна ли служба доставки приезжать за грузом на склад магазина?</label>
							<comment>
								<![CDATA[
									Укажите значение «<b>да</b>», если служба доставки должна приезжать за грузом на склад магазина (доставка обойдётся дороже).
									<br/>
									Укажите значение «<b>нет</b>», если магазин сам будет привозить товар в службу доставки (доставка обойдётся дешевле).
								]]>
							</comment>
							<frontend_type>select</frontend_type>
							<source_model>adminhtml/system_config_source_yesno</source_model>
							<sort_order>7000</sort_order>
							<show_in_default>1</show_in_default>
							<show_in_website>1</show_in_website>
							<show_in_store>1</show_in_store>
							<depends>
								<active>1</active>
							</depends>
						</service__need_get_cargo_from_the_shop_store>
						<service__can_cargo_be_put_on_a_side translate='label'>
							<label>Можно ли переворачивать груз?</label>
							<comment>
								<![CDATA[
									Укажите «<b>да</b>», если товар можно грузить в любом положении.
								]]>
							</comment>
							<frontend_type>select</frontend_type>
							<source_model>adminhtml/system_config_source_yesno</source_model>
							<sort_order>8500</sort_order>
							<show_in_default>1</show_in_default>
							<show_in_website>1</show_in_website>
							<show_in_store>1</show_in_store>
							<depends>
								<active>1</active>
							</depends>
						</service__can_cargo_be_put_on_a_side>
						<service__make_accompanying_forms translate='label'>
							<label>
								Должна ли служба доставки
								составлять сопроводительную документацию на груз?
							</label>
							<comment>
								<![CDATA[
									Укажите значение «<b>да</b>», если служба доставки должна составлять сопроводительную документацию на груз (доставка обойдётся дороже).
									<br/>
									Укажите значение «<b>нет</b>», если магазин сам будет составлять сопроводительную документацию на груз (доставка обойдётся дешевле).
								]]>
							</comment>
							<frontend_type>select</frontend_type>
							<source_model>adminhtml/system_config_source_yesno</source_model>
							<sort_order>9000</sort_order>
							<show_in_default>1</show_in_default>
							<show_in_website>1</show_in_website>
							<show_in_store>1</show_in_store>
							<depends>
								<active>1</active>
							</depends>
						</service__make_accompanying_forms>
						<service__notify_sender_about_delivery translate='label'>
							<label>
								Должна ли служба доставки
								уведомлять отправителя в письменном виде
								о доставке груза получателю?
							</label>
							<comment>
								<![CDATA[
									Укажите значение «<b>да</b>», если служба доставки
									должна уведомлять отправителя (магазин) в письменном виде
									о доставке груза получателю.
									<br/>
									Услуга платна, на июнь 2012 года — 100 рублей.
								]]>
							</comment>
							<frontend_type>select</frontend_type>
							<source_model>adminhtml/system_config_source_yesno</source_model>
							<sort_order>10000</sort_order>
							<show_in_default>1</show_in_default>
							<show_in_website>1</show_in_website>
							<show_in_store>1</show_in_store>
							<depends>
								<active>1</active>
							</depends>
						</service__notify_sender_about_delivery>
						<service__need_collapsible_pallet_box translate='label'>
							<label>
								Нужен ли для груза поддон с деревянными съёмными ограждениями
								(евроборт, паллетный борт)?
							</label>
							<comment>
								<![CDATA[
									Поддон с деревянными съёмными ограждениями (евроборт, паллетный борт) —
									это специальная упаковка,состоящая из:
									<br/>* поддона (паллеты)
									<br/>* боковых деревянных секций (опалубка размером 1,2 х 0,8 х 0,2)
									<br/>* одной крышки
									<br/>Кол-во секций зависит от размеров груза.
								]]>
							</comment>
							<frontend_type>select</frontend_type>
							<source_model>adminhtml/system_config_source_yesno</source_model>
							<sort_order>11000</sort_order>
							<show_in_default>1</show_in_default>
							<show_in_website>1</show_in_website>
							<show_in_store>1</show_in_store>
							<depends>
								<active>1</active>
							</depends>
						</service__need_collapsible_pallet_box>
						<service__need_taping translate='label'>
							<label>Нужна ли услуга перетяжки груза обычной клейкой лентой?</label>
							<comment>
								<![CDATA[
									Стоимость услуги на июнь 2012 года: 30 руб. за 1 м<sup>3</sup>.
									<br/>Минимальная стоимость — 30 руб.
								]]>
							</comment>
							<frontend_type>select</frontend_type>
							<source_model>adminhtml/system_config_source_yesno</source_model>
							<sort_order>12000</sort_order>
							<show_in_default>1</show_in_default>
							<show_in_website>1</show_in_website>
							<show_in_store>1</show_in_store>
							<depends>
								<active>1</active>
							</depends>
						</service__need_taping>
						<service__need_taping_advanced translate='label'>
							<label>Нужна ли услуга перетяжки груза фирменной клейкой лентой?</label>
							<comment>
								<![CDATA[
									Стоимость услуги на июнь 2012 года: 50 руб. за 1 м<sup>3</sup>.
									<br/>Минимальная стоимость — 50 руб.
								]]>
							</comment>
							<frontend_type>select</frontend_type>
							<source_model>adminhtml/system_config_source_yesno</source_model>
							<sort_order>13000</sort_order>
							<show_in_default>1</show_in_default>
							<show_in_website>1</show_in_website>
							<show_in_store>1</show_in_store>
							<depends>
								<active>1</active>
							</depends>
						</service__need_taping_advanced>
						<service__need_box translate='label'>
							<label>Нужна ли коробка?</label>
							<comment>
								<![CDATA[
									Стоимость коробки на июнь 2012 года: 100 рублей.
									<br/>Размеры коробки — не более 0,5 х 0,5 х 0,5 м.
								]]>
							</comment>
							<frontend_type>select</frontend_type>
							<source_model>adminhtml/system_config_source_yesno</source_model>
							<sort_order>14000</sort_order>
							<show_in_default>1</show_in_default>
							<show_in_website>1</show_in_website>
							<show_in_store>1</show_in_store>
							<depends>
								<active>1</active>
							</depends>
						</service__need_box>
						<service__need_pallet_packing translate='label'>
							<label>Нужна ли услуга упаковки груза на поддоне (паллете)?</label>
							<comment>
								<![CDATA[
									Стоимость услуги на июнь 2012 года:
									<br/>паллет: 180 рублей
									<br/>упаковка эластичной плёнкой: 50 руб. за 1 м<sup>3</sup>
									<br/>закрепление клейкой лентой: 5 руб. за 1 м<sup>3</sup>
									<br/>установка двух пломб: по 20 руб. за пломбу
								]]>
							</comment>
							<frontend_type>select</frontend_type>
							<source_model>adminhtml/system_config_source_yesno</source_model>
							<sort_order>15000</sort_order>
							<show_in_default>1</show_in_default>
							<show_in_website>1</show_in_website>
							<show_in_store>1</show_in_store>
							<depends>
								<active>1</active>
							</depends>
						</service__need_pallet_packing>
						<service__need_bag_packing translate='label'>
							<label>Нужна ли услуга упаковки груза в мешок?</label>
							<comment>
								<![CDATA[
									Стоимость услуги на июнь 2012 года:
									<br/>мешок: 60 руб.
									<br/>пломба: 20 руб.
								]]>
							</comment>
							<frontend_type>select</frontend_type>
							<source_model>adminhtml/system_config_source_yesno</source_model>
							<sort_order>16000</sort_order>
							<show_in_default>1</show_in_default>
							<show_in_website>1</show_in_website>
							<show_in_store>1</show_in_store>
							<depends>
								<active>1</active>
							</depends>
						</service__need_bag_packing>
						<service__need_open_slat_crate translate='label'>
							<label>Нужна ли услуга обрешётки?</label>
							<comment>
								<![CDATA[
									Стоимость услуги на июнь 2012 года:
									<br/>1 м<sup>3</sup> обрешетки — 750 руб.
									<br/>Минимальная стоимость — 400 руб.
									<br/>При расчёте стоимости доставки считается,что обрешётка увеличивает объём груза на 32%.
								]]>
							</comment>
							<frontend_type>select</frontend_type>
							<source_model>adminhtml/system_config_source_yesno</source_model>
							<sort_order>17000</sort_order>
							<show_in_default>1</show_in_default>
							<show_in_website>1</show_in_website>
							<show_in_store>1</show_in_store>
							<depends>
								<active>1</active>
							</depends>
						</service__need_open_slat_crate>
						<service__need_plywood_box translate='label'>
							<label>Нужна ли услуга упаковки груза в фанерный ящик?</label>
							<comment>
								<![CDATA[
									Стоимость услуги на июнь 2012 года:
									<br/>1 м<sup>3</sup> фанерного ящика — 900 руб.
									<br/>Минимальная стоимость — 450 руб.
									<br/>При расчёте стоимости доставки считается,что обрешётка увеличивает объём груза на 32%.
								]]>
							</comment>
							<frontend_type>select</frontend_type>
							<source_model>adminhtml/system_config_source_yesno</source_model>
							<sort_order>18000</sort_order>
							<show_in_default>1</show_in_default>
							<show_in_website>1</show_in_website>
							<show_in_store>1</show_in_store>
							<depends>
								<active>1</active>
							</depends>
						</service__need_plywood_box>
						<service__need_cargo_tail_loader translate='label'>
							<label>Нужен ли для погрузки и выгрузки гидравлический подъёмник?</label>
							<comment>
								<![CDATA[
									Гидравлический подъёмник предназначен для погрузки в машину
									и выгрузки из машины тяжёлых грузов.
									<br/>
									Включите эту опцию, если Вы торгуете тяжёлым товаром
									(предварительно спросите у службы Автотрейдинг,нужен ли для Вашего товара гидравлический подъёмник)
									<br/>
									Услуга гидравлического подъёмника увеличивает стоимость доставки груза на 50%.
								]]>
							</comment>
							<frontend_type>select</frontend_type>
							<source_model>adminhtml/system_config_source_yesno</source_model>
							<sort_order>20000</sort_order>
							<show_in_default>1</show_in_default>
							<show_in_website>1</show_in_website>
							<show_in_store>1</show_in_store>
							<depends>
								<active>1</active>
							</depends>
						</service__need_cargo_tail_loader>
						<frontend__disable_for_shop_city translate='label'>
							<label>Скрыть этот способ доставки для покупателей из города магазина?</label>
							<frontend_type>select</frontend_type>
							<source_model>adminhtml/system_config_source_yesno</source_model>
							<sort_order>21000</sort_order>
							<show_in_default>1</show_in_default>
							<show_in_website>1</show_in_website>
							<show_in_store>1</show_in_store>
							<depends>
								<active>1</active>
							</depends>
						</frontend__disable_for_shop_city>
						<frontend__sort_order translate='label'>
							<label>Вес для упорядочивания</label>
							<comment>
								<![CDATA[
									Когда системе требуется перечислить способы доставки на экране,она упорядочивает их в соответствии с их весами.
									<br/>Способы с меньшим весом отображаются выше способов с большим весом.
									<br/>Веса задаются натуральными числами.
								]]>
							</comment>
							<frontend_type>text</frontend_type>
							<sort_order>22000</sort_order>
							<show_in_default>1</show_in_default>
							<show_in_website>1</show_in_website>
							<show_in_store>1</show_in_store>
							<depends>
								<active>1</active>
							</depends>
						</frontend__sort_order>
						<frontend__display_diagnostic_messages translate='label'>
							<label>Показывать ли способ доставки на витрине в том случае,когда он по каким-либо причинам неприменим к текущему заказу?</label>
							<comment>
								<![CDATA[
									Если Вы укажете значение «да», то покупатель будет знать причину,по которой данный способ доставки неприменим к его заказу.
								]]>
							</comment>
							<frontend_type>select</frontend_type>
							<sort_order>23000</sort_order>
							<source_model>adminhtml/system_config_source_yesno</source_model>
							<show_in_default>1</show_in_default>
							<show_in_website>1</show_in_website>
							<show_in_store>1</show_in_store>
							<depends>
								<active>1</active>
							</depends>
						</frontend__display_diagnostic_messages>
						<frontend__sallowspecific translate='label'>
							<label>Ограничить область доставки конкретными странами?</label>
							<comment>
								<![CDATA[
									Если Вы укажете значение «да», то система запросит у Вас перечень стран,куда разрешена доставка данным способом.
									<br/>Во все неперечисленные Вами страны
									доставка данным способом осуществляться не будет.
								]]>
							</comment>
							<frontend_type>select</frontend_type>
							<sort_order>24000</sort_order>
							<frontend_class>shipping-applicable-country</frontend_class>
							<source_model>adminhtml/system_config_source_shipping_allspecificcountries</source_model>
							<show_in_default>1</show_in_default>
							<show_in_website>1</show_in_website>
							<show_in_store>1</show_in_store>
							<depends>
								<active>1</active>
							</depends>
						</frontend__sallowspecific>
						<frontend__specificcountry translate='label'>
							<label>Перечень стран, куда разрешена доставка данным способом</label>
							<frontend_type>multiselect</frontend_type>
							<sort_order>25000</sort_order>
							<source_model>adminhtml/system_config_source_country</source_model>
							<show_in_default>1</show_in_default>
							<show_in_website>1</show_in_website>
							<show_in_store>1</show_in_store>
							<can_be_empty>1</can_be_empty>
							<depends>
								<active>1</active>
								<frontend__sallowspecific>1</frontend__sallowspecific>
							</depends>
						</frontend__specificcountry>
					</fields>
				</autotrading>
			</groups>
		</df_shipping>
	</sections>
</config>
