<?xml version='1.0'?>
<config>
	<sections>
		<catalog>
			<groups>
				<search>
					<fields>
						<search_type>
							<source_model>df_adminhtml/system_config_source_catalog_search_type</source_model>
						</search_type>
					</fields>
				</search>
				<seo>
					<fields>
						<site_map>
							<source_model>adminhtml/system_config_source_yesno</source_model>
							<comment>If you Enable this feature, a Site Map link will display in the footer on the front-end, directing to an automatically generated site map including a list of all of your existing categories. In addition to the Autogenerated site map, Magento allows for integration with Google Sitemap. There is more information about this below.</comment>
						</site_map>
						<search_terms>
							<source_model>adminhtml/system_config_source_yesno</source_model>
						</search_terms>
					</fields>
				</seo>
			</groups>
		</catalog>
	</sections>
</config>