<?xml version='1.0'?>
<config>
	<sections>
		<df_1c translate='label' module='df_1c'>
			<label>1С:Управление торговлей</label>
			<tab>df</tab>
			<frontend_type>text</frontend_type>
			<sort_order>2000</sort_order>
			<show_in_default>1</show_in_default>
			<show_in_website>1</show_in_website>
			<show_in_store>1</show_in_store>
			<groups>
				<general translate='label'>
					<label>Общие настройки</label>
					<frontend_type>text</frontend_type>
					<sort_order>1000</sort_order>
					<show_in_default>1</show_in_default>
					<show_in_website>1</show_in_website>
					<show_in_store>1</show_in_store>
					<comment>
						<![CDATA[
						]]>
					</comment>

					<fields>

						<enabled translate="label">
							<label>Включить?</label>
							<frontend_type>select</frontend_type>
							<source_model>adminhtml/system_config_source_yesno</source_model>
							<sort_order>1000</sort_order>
							<show_in_default>1</show_in_default>
							<show_in_website>1</show_in_website>
							<show_in_store>1</show_in_store>
							<frontend_model>df_admin/system_config_form_field</frontend_model>
							<df_feature>df-1c</df_feature>
						</enabled>



						<enable_logging translate="label">
							<label>Вести ли диагностический журнал?</label>
							<frontend_type>select</frontend_type>
							<source_model>adminhtml/system_config_source_yesno</source_model>
							<sort_order>2000</sort_order>
							<show_in_default>1</show_in_default>
							<show_in_website>1</show_in_website>
							<show_in_store>1</show_in_store>
							<frontend_model>df_admin/system_config_form_field</frontend_model>
							<depends>
								<enabled>1</enabled>
							</depends>
						</enable_logging>


						<non_standard_currency_codes>
							<label>Нестандартные символьные коды валют</label>
							<comment>
								<![CDATA[
									Символьные коды валют в устаревших конфигурациях «1С:Управление торговлей»
									(например, в российских конфигурацях редакции ниже 11,
									а также в устаревших конфигурациях для Украины, Белоруссии, Казахстана)
									не соответствуют общепринятому международному стандарту
									<a href='http://en.wikipedia.org/wiki/ISO_4217'>ISO 4217</a>.
									<br/>
									В частности, российский рубль обозначается как «руб.» или «руб»
									вместо официального кода «RUB»,
									украинская гривна обозначается как «грн» вместо «UAH» и т.п.
									<br/>
									Более того, «1С:Управление торговлей» позволяет пользователям
									самостоятельно произвольно устанавливать символьные коды валют.
									<br/>
									Откройте в «1С:Управление торговлей» справочник «Валюты».
									Если Вы видите там нестандартные символьные коды — то укажите их
									и соответствующие им валюты здесь,
									в настройках модуля (кнопка «<b>добавить...</b>»).
								]]>
							</comment>
							<frontend_model>df_1c/system_config_form_field_nonStandardCurrencyCodes</frontend_model>
							<backend_model>adminhtml/system_config_backend_serialized_array</backend_model>
							<sort_order>3000</sort_order>
							<show_in_default>1</show_in_default>
							<show_in_website>1</show_in_website>
							<show_in_store>1</show_in_store>
							<depends>
								<enabled>1</enabled>
							</depends>
						</non_standard_currency_codes>

					</fields>

				</general>



				<products translate='label'>
					<label>Товары</label>
					<frontend_type>text</frontend_type>
					<sort_order>2000</sort_order>
					<show_in_default>1</show_in_default>
					<show_in_website>1</show_in_website>
					<show_in_store>1</show_in_store>
					<fields>
						<main_price_name translate='label'>
							<label>Название основной цены или типового соглашения</label>
							<comment>
								<![CDATA[
									Для обмена данными с «1С:Управление торговлей» <b>редакции 10</b>
									в данной графе надо указать название того типа цен,
									который станет основным при импорте цен
									из 1С:Управление торговлей в Magento.
									<br/>
									Для обмена данными с «1С:Управление торговлей» <b>редакции 11</b>
									в данной графе надо указать название
									<a href='http://magento-forum.ru/topic/3100/'>типового соглашения</a>
									для покупателей из интернет-магазина.
								]]>
							</comment>
							<frontend_type>text</frontend_type>
							<sort_order>1000</sort_order>
							<show_in_default>1</show_in_default>
							<show_in_website>1</show_in_website>
							<show_in_store>1</show_in_store>
							<validate>
								required-entry
							</validate>
						</main_price_name>

						<attributes__show_on_product_page translate="label">
							<label>Отображать ли импортированные свойства на товарной карточке?</label>
							<comment>
								<![CDATA[
									После импорта Вы можете вручную изменить параметры конкретного свойства
									в разделе «Каталог» → «Типы и свойства» → «Свойства товаров».
								]]>
							</comment>
							<frontend_type>select</frontend_type>
							<source_model>adminhtml/system_config_source_yesno</source_model>
							<sort_order>2000</sort_order>
							<show_in_default>1</show_in_default>
							<show_in_website>1</show_in_website>
							<show_in_store>1</show_in_store>
							<frontend_model>df_admin/system_config_form_field</frontend_model>
						</attributes__show_on_product_page>
					</fields>
				</products>


				<orders translate='label'>
					<label>Заказы</label>
					<frontend_type>text</frontend_type>
					<sort_order>3000</sort_order>
					<show_in_default>1</show_in_default>
					<show_in_website>1</show_in_website>
					<show_in_store>1</show_in_store>
					<fields>
					</fields>
				</orders>

			</groups>
		</df_1c>
	</sections>
</config>
